표제,한자,위도,경도,급,도엽자리,비고
삽재,揷峙,36.3620,127.2721,A,,"유성구 갑동 ↔ 공주시 반포면 온천리 · 국토정보플랫폼 · OSM 고갯마루 점 · 갑동 서쪽, 공주 가는 길"
(미상),崖柏峙,,,—,"해동 회덕 (0.167, 0.386)",회덕현 서북
(미상),子田峴,,,—,"해동 회덕 (0.542, 0.591)","회덕현 동남, 갑천 동편"
(미상),子峴,,,—,"해동 회덕 (0.621, 0.620)",회덕현 동남
닭재,雞峙 / 雞峴,36.255,127.493,B,"AMS Taejon 1048/1485; 해동 회덕 (0.87, 0.64); 대동여지도 16-04 (0.75, 0.21)","동구 삼괴동, 계현산성 아래"
(미상),于峙領〔?〕,,,—,"해동 회덕 (0.946, 0.370)","회덕현 동북, 식장산 북쪽"
(미상) '밤고개'?,栗峙 / 栗寺〔?〕,,,—,"해동 공주목 (0.51, 0.60)",공주목 구즉면 일대
(미상) '새재'?,新峙,,,—,"해동 진산 (0.455, 0.310)","진산군 북면, 만인산·彌勒寺 아래"
(미상) '새목재'?,新目峙 / 思睦峙,,,—,"해동 진산 (0.71, 0.28); 1872 진산 (0.61, 0.87)","진산군 동쪽 끝, 서대산 서쪽 옥천 길"
(미상) '말목'?,馬項,,,—,"1872 진산 (0.87, 0.49)","진산군 서북, 공주 가는 夾路"
방고개,方古介 / 方古峙 / 方峴,36.162,127.348,B,"AMS Kumsan 1034/1474; 해동 진산 (0.17, 0.47); 1872 진산 (0.64, 0.41)",금산군 복수면 방현리
(미상),炭峙,36.156,127.389,B,AMS Kumsan 1038/1473; 1872 진산 〔기문 고적 조〕,금산군 진산면·복수면 사이
마달령 〔삼괴동〕,馬達峙 / 馬達嶺,36.227,127.487,B,"AMS Taejon 1048/1481; 대동여지도 16-04 (0.80, 0.26)","동구 삼괴동 ↔ 금산 추부면 요광리, 표고 315 — 추부면 요광리 1.5 km · 삼괴동 2.5 km"
머들령 〔세천〕,馬達峙 / 馬達嶺,36.3356,127.5072,C,"1872 옥천 (0.27, 0.17)","동구 세천동 ↔ 옥천 군북면 증약리 — 《대전지명지》 「세천 서쪽, 증약굴 위」 · 두 동 중심의 중간점 · OSM 「마달령봉」(264 m)이 1.0 km"
(미상),奄峴,,,—,"1872 진잠 (0.51, 0.53)",진잠 읍치 서쪽
(미상),牛拳峴,,,—,"1872 진잠 (0.13, 0.61)",서구 장안동·봉곡동 남쪽 추정
질티 / 길치,吉峙 / 迭峴 / 陶峙,36.3678,127.4637,C,"1872 회덕 (0.694, 0.253); 대동여지도 15-04 (0.75, 0.98)",대덕구 비래동 ↔ 동구 추동 / 동구 비룡동 ↔ 가양동 — 두 기록이 갈림
(미상) '섶재'?,薪峙,36.158,127.479,B,"AMS Kumsan 1047/1473; 1872 금산 (0.39, 0.30)",금산군 추부면 상·중·하신리 일대
(미상),海藍峙,36.152,127.479,B,AMS Kumsan 1047/1472,"금산군 추부면 동부, 표고 280"
(미상),月峰峙,36.118,127.429,B,AMS Kumsan 1042/1468,"금산군 금성면, 月峯(498) 북쪽, 표고 336"
(미상),松峴〔금산〕,36.135,127.439,B,AMS Kumsan 1043/1470,"금산군 금성면·남이면 쪽, 표고 247"
(미상),石峴,36.145,127.467,B,AMS Kumsan 1046/1472; 1872 금산 〔石峴里〕,"금산군 추부면, 城底 동쪽"
(미상) '솔재'?,松峙 / 松峴〔연기〕,,,—,"해동 연기 (0.287, 0.295); 1872 연기 (0.20, 0.21)","연기현 서쪽, 공주 방면"
(미상) '작은솔재'?,小松峙,,,—,"1872 연기 (0.21, 0.28)",연기현 서쪽
지프재,琵琶嶺,36.273,127.455,B,AMS Taejon 1045/1487,감암산 북쪽 — 15장의 「대별동 ↔ 소호동」과 2 km 어긋납니다
장고개 · 노루고개,獐峴,36.3665,127.3463,C,,유성구 궁동
도미재 · 덕미,道美峙,36.3692,127.3189,C,,유성구 노은동
솔고개,松峴〔유성〕,36.4093,127.3651,C,,유성구 방현동
중고개,中峴,36.4585,127.3660,C,,유성구 둔곡동
절고개,龍子庵峴,36.3782,127.4528,A,,대덕구 비래동 ↔ 동구 추동 가래울 · OSM 고갯마루 점 · 비래동과 추동 사이
다롱고개,月峴,36.3648,127.4428,C,,대덕구 송촌동
갬재,榛峴,36.3937,127.4163,C,,대덕구 신대동
찬샘골고개,冷泉峴,36.4265,127.4694,C,,대덕구 갈전동
배오개,梨峴,36.4144,127.4569,A,,대덕구 이현동 · OSM 고갯마루 점 「배고개」 · 이현동 서쪽
덕고개,德洞峴 / 德谷峴,36.4301,127.4616,A,,대덕구 삼정동 ↔ 용호동 · OSM 고갯마루 점 · 삼정동·용호동 남쪽
구리고개,銅峴〔?〕,36.4595,127.4715,C,,대덕구 미호동
진티고개,鎭峙,36.3048,127.2727,C,,유성구 세동
대고개,大峴,36.2794,127.3191,A,,서구 봉곡동 · OSM 고갯마루 점 · 봉곡동 북쪽 1.2 km
자모실고개,炭峴 / 沈峴,36.3394,127.5191,C,,동구 삼정동 ↔ 옥천 군북면 자모리
느나미재,於南峙,36.2242,127.4133,C,,중구 어남동
안영고개,安永峴,36.2818,127.3693,A,,중구 안영동 · OSM 고갯마루 점 — 다만 OSM 은 서구로 적습니다(중구 경계 위)
남작골고개,南鵲峴,36.3755,127.3483,C,,유성구 궁동 ↔ 신성동 — 《대전지명지》가 양 끝을 적습니다
(미상) '곰재'?,熊峙,,,—,"1872 연산 (0.645, 0.378)","연산현 동북, 진잠 방면"
(미상),望峙,36.192,127.308,B,AMS Taejon 1030/1477,大洞里·晩木里 사이
먹티,墨峙,36.202,127.439,B,AMS Taejon 1043/1478,"동구 하소동, 표고 239 — 15장의 「먹티」와 합치"
(미상),介峙,36.181,127.384,B,AMS Taejon 1038/1476,三直川·鶴坪 부근
(미상),〔?〕峙,36.177,127.279,B,AMS Taejon 1027/1475,龍岩 서쪽. 로마자 Chuch'i
(미상),□峙〔P…〕,36.172,127.258,B,AMS Taejon 1025/1475,"五作谷 남쪽, Taejon 도엽 서남 모서리, 표고 273"
(미상),梨峙,36.121,127.343,B,"AMS Kumsan 1034/1469; 해동 진산 (0.03, 0.62)","진산면 ↔ 완주 운주면, 大芚山 동쪽, 표고 374"
